rank,team_id,team_name,score,snapshot,group,current_sub,current_sub_source,subs_found,subs_declared,public_games,first_game,last_game,current_sub_games,games_with_rating
1,16718819,Majkel1337,3170.3,2026-09-17T0220Z,gold,56216119,latest-episode,12,,2028,2026-08-27 15:35:41.681000+00:00,2026-09-17 03:10:29.520000+00:00,322,5
2,16732748,DSM,3089.0,2026-09-17T0220Z,gold,56284053,latest-episode,79,,11676,2026-08-12 10:03:48.694000+00:00,2026-09-17 03:10:29.646000+00:00,108,355
3,16640510,SpaTaro,3074.3,2026-09-17T0220Z,gold,56263693,latest-episode,23,,5550,2026-08-21 07:31:50.155000+00:00,2026-09-17 03:10:29.531000+00:00,197,26
4,16664246,Sida Zuo,3072.6,2026-09-17T0220Z,gold,56257389,latest-episode,26,,4100,2026-08-05 08:57:00.266000+00:00,2026-09-17 03:10:29.531000+00:00,220,27
5,16730612,Unknown Mother-Goose,3057.8,2026-09-17T0220Z,gold,56266758,latest-episode,29,,3900,2026-08-18 10:06:43.181000+00:00,2026-09-17 03:10:29.528000+00:00,180,23
6,16732403,ymg_aq,3041.8,2026-09-17T0220Z,gold,56265944,latest-episode,37,,6262,2026-08-22 14:16:07.331000+00:00,2026-09-17 03:10:29.645000+00:00,165,54
7,16671741,Excluding,3038.0,2026-09-17T0220Z,gold,56282369,latest-episode,56,,7653,2026-08-06 14:58:18.405000+00:00,2026-09-17 03:10:29.527000+00:00,116,128
8,16673205,Arda Ceylan,3026.3,2026-09-17T0220Z,gold,56274456,latest-episode,65,,8910,2026-08-08 08:07:49.476000+00:00,2026-09-17 03:10:29.520000+00:00,133,89
9,16675778,Orbital Terraformer,3024.6,2026-09-17T0220Z,gold,56263779,latest-episode,8,,2362,2026-08-28 10:07:06.466000+00:00,2026-09-17 03:10:29.646000+00:00,183,7
10,16730524,THIRD FARM CLUB,3005.3,2026-09-17T0220Z,gold,56279316,latest-episode,64,,8512,2026-08-18 06:30:43.394000+00:00,2026-09-17 03:10:29.399000+00:00,135,94
11,16805699,feel the agi,2992.7,2026-09-17T0220Z,gold,56208558,latest-episode,21,,4099,2026-09-02 01:48:43.011000+00:00,2026-09-17 03:06:30.478000+00:00,458,20
12,16739633,kwa,2987.4,2026-09-17T0220Z,gold,56273628,latest-episode,53,,7509,2026-08-22 21:44:33.626000+00:00,2026-09-17 03:10:29.530000+00:00,137,66
13,16748733,Driz Lo,2985.4,2026-09-17T0220Z,gold,56277070,latest-episode,33,,6754,2026-08-22 02:08:04.610000+00:00,2026-09-17 03:10:29.530000+00:00,129,36
14,16882725,Ebi,2984.2,2026-09-17T0220Z,gold,56251699,latest-episode,2,,625,2026-09-13 22:02:49.398000+00:00,2026-09-17 03:14:18.024000+00:00,232,0
15,16685950,Planned Economy,2970.2,2026-09-17T0220Z,gold,56287777,latest-episode,94,,10747,2026-08-07 16:55:58.981000+00:00,2026-09-17 03:10:29.529000+00:00,83,234
16,16719123,Thomas Tschinkel,2968.0,2026-09-17T0220Z,gold,56269928,latest-episode,91,,10505,2026-08-13 23:56:46.542000+00:00,2026-09-17 03:10:29.406000+00:00,145,239
17,16658349,lingxiaojun,2965.0,2026-09-17T0220Z,gold,56223239,latest-episode,8,,2326,2026-08-11 12:21:57.177000+00:00,2026-09-17 03:10:29.527000+00:00,422,9
18,16629685,mikelou1,2958.9,2026-09-17T0220Z,gold,56263268,latest-episode,39,,8322,2026-07-31 17:21:05.199000+00:00,2026-09-17 03:14:18.002000+00:00,178,416
19,16706321,lumen,2958.1,2026-09-17T0220Z,gold,56246972,latest-episode,31,,3497,2026-08-31 16:42:32.103000+00:00,2026-09-17 03:14:17.895000+00:00,262,14
20,16690867,HowardLeeTW,2946.6,2026-09-17T0220Z,gold,56197331,latest-episode,12,,2987,2026-08-08 12:11:51.579000+00:00,2026-09-17 03:10:29.606000+00:00,490,12
21,16660726,现实是个乐子,2945.5,2026-09-17T0220Z,gold,56256021,latest-episode,64,,9145,2026-08-06 09:21:45.002000+00:00,2026-09-17 03:10:29.460000+00:00,226,87
22,16817528,QQ,2945.4,2026-09-17T0220Z,gold,56271306,latest-episode,4,,466,2026-09-06 15:19:49.993000+00:00,2026-09-17 03:02:32.915000+00:00,150,0
23,16863959,Một hai ba bốn 5 sáu bảy tám 9,2941.7,2026-09-17T0220Z,gold,56277972,latest-episode,29,,3145,2026-09-10 08:32:02.124000+00:00,2026-09-17 03:14:18.171000+00:00,132,2
24,16714457,Crop Dustas,2939.4,2026-09-17T0220Z,gold,56235939,latest-episode,141,,17039,2026-08-13 09:31:46.502000+00:00,2026-09-17 03:10:29.528000+00:00,317,128
25,16756591,Hamed Vakili,2937.7,2026-09-17T0220Z,gold,56242909,latest-episode,27,,6073,2026-08-24 05:21:10.910000+00:00,2026-09-17 03:14:18.184000+00:00,278,73
26,16723379,local,2933.8,2026-09-17T0220Z,gold,56261413,latest-episode,53,,8090,2026-08-15 20:52:53.623000+00:00,2026-09-17 03:10:29.369000+00:00,200,405
27,16629972,forever young,2932.9,2026-09-17T0220Z,gold,56284945,latest-episode,31,,5243,2026-07-31 10:36:54.471000+00:00,2026-09-17 03:14:17.895000+00:00,103,206
28,16889224,Ishan Karnick,2932.1,2026-09-17T0220Z,gold,56280330,latest-episode,6,,802,2026-09-15 03:31:49.959000+00:00,2026-09-17 03:14:17.894000+00:00,123,0
29,16884121,Radiant,2929.4,2026-09-17T0220Z,gold,56269394,latest-episode,9,,1395,2026-09-13 05:14:43.378000+00:00,2026-09-17 03:14:18.020000+00:00,151,5
1162,16621799,Artem The Farmer 🍅,2277.5,2026-09-17T0220Z,artem_resubmitted,56261003,latest-episode,25,,3295,2026-08-19 14:41:53.395000+00:00,2026-09-17 03:02:32.852000+00:00,211,6
